{
  "htmlID" : "composition",
  "name" : "composition",
  "positionStorages" : {
    "c_" : "JDMutableArrayDict",
    "array" : [
      {
        "c_" : "IUPositionStorage",
        "position" : 0,
        "xUnit" : 0,
        "yUnit" : 0,
        "top" : 0,
        "left" : 0
      }
    ],
    "keys" : [
      960
    ]
  },
  "styleStorages" : {
    "c_" : "JDMutableArrayDict",
    "array" : [
      {
        "c_" : "IUStyleStorage",
        "widthUnit" : 0,
        "heightUnit" : 0,
        "width" : 320,
        "height" : 320
      }
    ],
    "keys" : [
      960
    ]
  },
  "eventVariable" : {

  },
  "ghostOpacity" : 0.5,
  "m_" : "3A025B06-55E3-4B51-B5C9-F400A0295D1A",
  "c_" : "IUClass"
}