{
  "htmlID" : "footer",
  "name" : "footer",
  "children" : [
    {
      "c_" : "IUCenterBox",
      "htmlID" : "center-box",
      "children" : [
        {
          "c_" : "IUText",
          "htmlID" : "text",
          "positionStorages" : {
            "c_" : "JDMutableArrayDict",
            "array" : [
              {
                "c_" : "IUPositionStorage",
                "position" : 0,
                "verticalCenter" : true,
                "xUnit" : 0,
                "yUnit" : 0,
                "top" : 0,
                "left" : 0
              }
            ],
            "keys" : [
              960
            ]
          },
          "styleStorages" : {
            "c_" : "JDMutableArrayDict",
            "array" : [
              {
                "c_" : "IUStyleStorage",
                "widthUnit" : 1,
                "heightUnit" : 0,
                "width" : 100,
                "height" : 30,
                "fontName" : "Helvetica",
                "fontSize" : 24,
                "fontColor" : {
                  "c_" : "NSColor",
                  "R" : 0.5882353186607361,
                  "G" : 0.5882353186607361,
                  "B" : 0.5882353186607361,
                  "A" : 1
                },
                "fontAlign" : 1
              }
            ],
            "keys" : [
              960
            ]
          },
          "propertyStorages" : {
            "c_" : "JDMutableArrayDict",
            "array" : [
              {
                "c_" : "IUPropertyStorage",
                "propertyStorage" : {
                  "IUPropertyTextKey" : "<p>Double-click to edit footer title<\/p>"
                }
              }
            ],
            "keys" : [
              960
            ]
          }
        }
      ],
      "positionStorages" : {
        "c_" : "JDMutableArrayDict",
        "array" : [
          {
            "c_" : "IUPositionStorage",
            "position" : 1,
            "horizontalCenter" : true,
            "xUnit" : 0,
            "yUnit" : 0,
            "top" : 0,
            "left" : 0
          }
        ],
        "keys" : [
          960
        ]
      },
      "styleStorages" : {
        "c_" : "JDMutableArrayDict",
        "array" : [
          {
            "c_" : "IUStyleStorage",
            "widthUnit" : 0,
            "heightUnit" : 0
          }
        ],
        "keys" : [
          960
        ]
      }
    }
  ],
  "positionStorages" : {
    "c_" : "JDMutableArrayDict",
    "array" : [
      {
        "c_" : "IUPositionStorage",
        "position" : 0,
        "xUnit" : 0,
        "yUnit" : 0,
        "top" : 0,
        "left" : 0
      }
    ],
    "keys" : [
      960
    ]
  },
  "styleStorages" : {
    "c_" : "JDMutableArrayDict",
    "array" : [
      {
        "c_" : "IUStyleStorage",
        "widthUnit" : 1,
        "heightUnit" : 0,
        "width" : 100,
        "height" : 120
      }
    ],
    "keys" : [
      960
    ]
  },
  "eventVariable" : {

  },
  "ghostOpacity" : 0.5,
  "m_" : "5AC16325-7760-406F-9D52-3E7EE0FF6A70",
  "c_" : "IUClass"
}