{
  "htmlID" : "makerApply_1",
  "name" : "makerApply_1",
  "positionStorages" : {
    "c_" : "JDMutableArrayDict",
    "array" : [
      {
        "c_" : "IUPositionStorage",
        "position" : 0,
        "xUnit" : 0,
        "yUnit" : 0
      }
    ],
    "keys" : [
      960
    ]
  },
  "styleStorages" : {
    "c_" : "JDMutableArrayDict",
    "array" : [
      {
        "c_" : "IUStyleStorage",
        "widthUnit" : 0,
        "heightUnit" : 0
      }
    ],
    "keys" : [
      960
    ]
  },
  "eventVariable" : {

  },
  "ghostOpacity" : 0.5,
  "pageContent" : {
    "c_" : "IUPageContent",
    "htmlID" : "page-content",
    "children" : [
      {
        "c_" : "IUSection",
        "htmlID" : "section-69",
        "name" : "Title",
        "children" : [
          {
            "c_" : "IUCenterBox",
            "htmlID" : "center-box-70",
            "children" : [
              {
                "c_" : "IUCell",
                "htmlID" : "cell-72",
                "positionStorages" : {
                  "c_" : "JDMutableArrayDict",
                  "array" : [
                    {
                      "c_" : "IUPositionStorage",
                      "position" : 0,
                      "xUnit" : 0,
                      "yUnit" : 0,
                      "top" : 0,
                      "left" : 0
                    }
                  ],
                  "keys" : [
                    960
                  ]
                },
                "styleStorages" : {
                  "c_" : "JDMutableArrayDict",
                  "array" : [
                    {
                      "c_" : "IUStyleStorage",
                      "widthUnit" : 0,
                      "heightUnit" : 0,
                      "width" : 960,
                      "height" : 180,
                      "bgColor1" : {
                        "c_" : "NSColor",
                        "R" : 0.9529411765,
                        "G" : 0.6509803922,
                        "B" : 0.7058823529,
                        "A" : 1
                      },
                      "fontName" : "Nanum Gothic",
                      "fontSize" : 36,
                      "fontColor" : {
                        "c_" : "NSColor",
                        "R" : 1,
                        "G" : 1,
                        "B" : 1,
                        "A" : 1
                      },
                      "fontWeight" : 2,
                      "fontAlign" : 1
                    }
                  ],
                  "keys" : [
                    960
                  ]
                },
                "propertyStorages" : {
                  "c_" : "JDMutableArrayDict",
                  "array" : [
                    {
                      "c_" : "IUPropertyStorage",
                      "propertyStorage" : {
                        "IUPropertyTextKey" : "<p>MAKER 수강신청<\/p>"
                      }
                    }
                  ],
                  "keys" : [
                    960
                  ]
                }
              }
            ],
            "positionStorages" : {
              "c_" : "JDMutableArrayDict",
              "array" : [
                {
                  "c_" : "IUPositionStorage",
                  "position" : 1,
                  "horizontalCenter" : true,
                  "xUnit" : 0,
                  "yUnit" : 0,
                  "top" : 0,
                  "left" : 0
                }
              ],
              "keys" : [
                960
              ]
            },
            "styleStorages" : {
              "c_" : "JDMutableArrayDict",
              "array" : [
                {
                  "c_" : "IUStyleStorage",
                  "widthUnit" : 0,
                  "heightUnit" : 0
                }
              ],
              "keys" : [
                960
              ]
            }
          }
        ],
        "positionStorages" : {
          "c_" : "JDMutableArrayDict",
          "array" : [
            {
              "c_" : "IUPositionStorage",
              "position" : 1,
              "xUnit" : 0,
              "yUnit" : 0,
              "top" : 0,
              "left" : 0
            }
          ],
          "keys" : [
            960
          ]
        },
        "styleStorages" : {
          "c_" : "JDMutableArrayDict",
          "array" : [
            {
              "c_" : "IUStyleStorage",
              "widthUnit" : 0,
              "heightUnit" : 0,
              "height" : 180
            }
          ],
          "keys" : [
            960
          ]
        }
      },
      {
        "c_" : "IUSection",
        "htmlID" : "section-71",
        "name" : "ProgressBar",
        "children" : [
          {
            "c_" : "IUCenterBox",
            "htmlID" : "center-box-72",
            "children" : [
              {
                "c_" : "IUBox",
                "htmlID" : "box-72",
                "positionStorages" : {
                  "c_" : "JDMutableArrayDict",
                  "array" : [
                    {
                      "c_" : "IUPositionStorage",
                      "position" : 0,
                      "horizontalCenter" : true,
                      "xUnit" : 0,
                      "yUnit" : 0,
                      "top" : 114,
                      "left" : 203
                    }
                  ],
                  "keys" : [
                    960
                  ]
                },
                "styleStorages" : {
                  "c_" : "JDMutableArrayDict",
                  "array" : [
                    {
                      "c_" : "IUStyleStorage",
                      "widthUnit" : 0,
                      "heightUnit" : 0,
                      "width" : 540,
                      "height" : 10,
                      "bgColor1" : {
                        "c_" : "NSColor",
                        "R" : 0.8571428656578064,
                        "G" : 0.8571428656578064,
                        "B" : 0.8571428656578064,
                        "A" : 1
                      }
                    }
                  ],
                  "keys" : [
                    960
                  ]
                }
              },
              {
                "c_" : "IUCell",
                "htmlID" : "cell",
                "positionStorages" : {
                  "c_" : "JDMutableArrayDict",
                  "array" : [
                    {
                      "c_" : "IUPositionStorage",
                      "position" : 0,
                      "xUnit" : 0,
                      "yUnit" : 0,
                      "top" : 100,
                      "left" : 200
                    }
                  ],
                  "keys" : [
                    960
                  ]
                },
                "styleStorages" : {
                  "c_" : "JDMutableArrayDict",
                  "array" : [
                    {
                      "c_" : "IUStyleStorage",
                      "widthUnit" : 0,
                      "heightUnit" : 0,
                      "width" : 32,
                      "height" : 32,
                      "bgColor1" : {
                        "c_" : "NSColor",
                        "R" : 1,
                        "G" : 1,
                        "B" : 1,
                        "A" : 1
                      },
                      "topBorderColor" : {
                        "c_" : "NSColor",
                        "R" : 0.9529411765,
                        "G" : 0.6509803922,
                        "B" : 0.7058823529,
                        "A" : 1
                      },
                      "leftBorderColor" : {
                        "c_" : "NSColor",
                        "R" : 0.9529411765,
                        "G" : 0.6509803922,
                        "B" : 0.7058823529,
                        "A" : 1
                      },
                      "rightBorderColor" : {
                        "c_" : "NSColor",
                        "R" : 0.9529411765,
                        "G" : 0.6509803922,
                        "B" : 0.7058823529,
                        "A" : 1
                      },
                      "bottomBorderColor" : {
                        "c_" : "NSColor",
                        "R" : 0.9529411765,
                        "G" : 0.6509803922,
                        "B" : 0.7058823529,
                        "A" : 1
                      },
                      "topBorderWidth" : 3,
                      "leftBorderWidth" : 3,
                      "rightBorderWidth" : 3,
                      "bottomBorderWidth" : 3,
                      "topLeftBorderRadius" : 40,
                      "topRightBorderRadius" : 40,
                      "bottomLeftborderRadius" : 40,
                      "bottomRightBorderRadius" : 40,
                      "fontName" : "Nanum Gothic",
                      "fontSize" : 18,
                      "fontColor" : {
                        "c_" : "NSColor",
                        "R" : 0.9529411765,
                        "G" : 0.6509803922,
                        "B" : 0.7058823529,
                        "A" : 1
                      },
                      "fontWeight" : 2,
                      "fontAlign" : 1
                    }
                  ],
                  "keys" : [
                    960
                  ]
                },
                "propertyStorages" : {
                  "c_" : "JDMutableArrayDict",
                  "array" : [
                    {
                      "c_" : "IUPropertyStorage",
                      "propertyStorage" : {
                        "IUPropertyTextKey" : "<p>1<\/p>"
                      }
                    }
                  ],
                  "keys" : [
                    960
                  ]
                }
              },
              {
                "c_" : "IUCell",
                "htmlID" : "cell-74",
                "positionStorages" : {
                  "c_" : "JDMutableArrayDict",
                  "array" : [
                    {
                      "c_" : "IUPositionStorage",
                      "position" : 0,
                      "horizontalCenter" : false,
                      "xUnit" : 0,
                      "yUnit" : 0,
                      "top" : 100,
                      "left" : 461
                    }
                  ],
                  "keys" : [
                    960
                  ]
                },
                "styleStorages" : {
                  "c_" : "JDMutableArrayDict",
                  "array" : [
                    {
                      "c_" : "IUStyleStorage",
                      "widthUnit" : 0,
                      "heightUnit" : 0,
                      "width" : 32,
                      "height" : 32,
                      "bgColor1" : {
                        "c_" : "NSColor",
                        "R" : 1,
                        "G" : 1,
                        "B" : 1,
                        "A" : 1
                      },
                      "topBorderColor" : {
                        "c_" : "NSColor",
                        "R" : 0.7142857313156128,
                        "G" : 0.7142857313156128,
                        "B" : 0.7142857313156128,
                        "A" : 1
                      },
                      "leftBorderColor" : {
                        "c_" : "NSColor",
                        "R" : 0.7142857313156128,
                        "G" : 0.7142857313156128,
                        "B" : 0.7142857313156128,
                        "A" : 1
                      },
                      "rightBorderColor" : {
                        "c_" : "NSColor",
                        "R" : 0.7142857313156128,
                        "G" : 0.7142857313156128,
                        "B" : 0.7142857313156128,
                        "A" : 1
                      },
                      "bottomBorderColor" : {
                        "c_" : "NSColor",
                        "R" : 0.7142857313156128,
                        "G" : 0.7142857313156128,
                        "B" : 0.7142857313156128,
                        "A" : 1
                      },
                      "topBorderWidth" : 3,
                      "leftBorderWidth" : 3,
                      "rightBorderWidth" : 3,
                      "bottomBorderWidth" : 3,
                      "topLeftBorderRadius" : 40,
                      "topRightBorderRadius" : 40,
                      "bottomLeftborderRadius" : 40,
                      "bottomRightBorderRadius" : 40,
                      "fontName" : "Nanum Gothic",
                      "fontSize" : 18,
                      "fontColor" : {
                        "c_" : "NSColor",
                        "R" : 0.7142857313156128,
                        "G" : 0.7142857313156128,
                        "B" : 0.7142857313156128,
                        "A" : 1
                      },
                      "fontWeight" : 2,
                      "fontAlign" : 1
                    }
                  ],
                  "keys" : [
                    960
                  ]
                },
                "propertyStorages" : {
                  "c_" : "JDMutableArrayDict",
                  "array" : [
                    {
                      "c_" : "IUPropertyStorage",
                      "propertyStorage" : {
                        "IUPropertyTextKey" : "<p>2<\/p>"
                      }
                    }
                  ],
                  "keys" : [
                    960
                  ]
                }
              },
              {
                "c_" : "IUCell",
                "htmlID" : "cell-75",
                "positionStorages" : {
                  "c_" : "JDMutableArrayDict",
                  "array" : [
                    {
                      "c_" : "IUPositionStorage",
                      "position" : 0,
                      "xUnit" : 0,
                      "yUnit" : 0,
                      "top" : 100,
                      "left" : 722
                    }
                  ],
                  "keys" : [
                    960
                  ]
                },
                "styleStorages" : {
                  "c_" : "JDMutableArrayDict",
                  "array" : [
                    {
                      "c_" : "IUStyleStorage",
                      "widthUnit" : 0,
                      "heightUnit" : 0,
                      "width" : 32,
                      "height" : 32,
                      "bgColor1" : {
                        "c_" : "NSColor",
                        "R" : 1,
                        "G" : 1,
                        "B" : 1,
                        "A" : 1
                      },
                      "topBorderColor" : {
                        "c_" : "NSColor",
                        "R" : 0.7142857313156128,
                        "G" : 0.7142857313156128,
                        "B" : 0.7142857313156128,
                        "A" : 1
                      },
                      "leftBorderColor" : {
                        "c_" : "NSColor",
                        "R" : 0.7142857313156128,
                        "G" : 0.7142857313156128,
                        "B" : 0.7142857313156128,
                        "A" : 1
                      },
                      "rightBorderColor" : {
                        "c_" : "NSColor",
                        "R" : 0.7142857313156128,
                        "G" : 0.7142857313156128,
                        "B" : 0.7142857313156128,
                        "A" : 1
                      },
                      "bottomBorderColor" : {
                        "c_" : "NSColor",
                        "R" : 0.7142857313156128,
                        "G" : 0.7142857313156128,
                        "B" : 0.7142857313156128,
                        "A" : 1
                      },
                      "topBorderWidth" : 3,
                      "leftBorderWidth" : 3,
                      "rightBorderWidth" : 3,
                      "bottomBorderWidth" : 3,
                      "topLeftBorderRadius" : 40,
                      "topRightBorderRadius" : 40,
                      "bottomLeftborderRadius" : 40,
                      "bottomRightBorderRadius" : 40,
                      "fontName" : "Nanum Gothic",
                      "fontSize" : 18,
                      "fontColor" : {
                        "c_" : "NSColor",
                        "R" : 0.7142857313156128,
                        "G" : 0.7142857313156128,
                        "B" : 0.7142857313156128,
                        "A" : 1
                      },
                      "fontWeight" : 2,
                      "fontAlign" : 1
                    }
                  ],
                  "keys" : [
                    960
                  ]
                },
                "propertyStorages" : {
                  "c_" : "JDMutableArrayDict",
                  "array" : [
                    {
                      "c_" : "IUPropertyStorage",
                      "propertyStorage" : {
                        "IUPropertyTextKey" : "<p>3<\/p>"
                      }
                    }
                  ],
                  "keys" : [
                    960
                  ]
                }
              },
              {
                "c_" : "IUCell",
                "htmlID" : "cell-76",
                "positionStorages" : {
                  "c_" : "JDMutableArrayDict",
                  "array" : [
                    {
                      "c_" : "IUPositionStorage",
                      "position" : 0,
                      "xUnit" : 0,
                      "yUnit" : 0,
                      "top" : 68,
                      "left" : 169
                    }
                  ],
                  "keys" : [
                    960
                  ]
                },
                "styleStorages" : {
                  "c_" : "JDMutableArrayDict",
                  "array" : [
                    {
                      "c_" : "IUStyleStorage",
                      "widthUnit" : 0,
                      "heightUnit" : 0,
                      "width" : 100,
                      "height" : 28,
                      "fontName" : "Nanum Gothic",
                      "fontSize" : 14,
                      "fontColor" : {
                        "c_" : "NSColor",
                        "R" : 0.9529411765,
                        "G" : 0.6509803922,
                        "B" : 0.7058823529,
                        "A" : 1
                      },
                      "fontWeight" : 2,
                      "fontAlign" : 1
                    }
                  ],
                  "keys" : [
                    960
                  ]
                },
                "propertyStorages" : {
                  "c_" : "JDMutableArrayDict",
                  "array" : [
                    {
                      "c_" : "IUPropertyStorage",
                      "propertyStorage" : {
                        "IUPropertyTextKey" : "<p>반 선택<\/p>"
                      }
                    }
                  ],
                  "keys" : [
                    960
                  ]
                }
              },
              {
                "c_" : "IUCell",
                "htmlID" : "cell-77",
                "positionStorages" : {
                  "c_" : "JDMutableArrayDict",
                  "array" : [
                    {
                      "c_" : "IUPositionStorage",
                      "position" : 0,
                      "horizontalCenter" : true,
                      "xUnit" : 0,
                      "yUnit" : 0,
                      "top" : 68,
                      "left" : 169
                    }
                  ],
                  "keys" : [
                    960
                  ]
                },
                "styleStorages" : {
                  "c_" : "JDMutableArrayDict",
                  "array" : [
                    {
                      "c_" : "IUStyleStorage",
                      "widthUnit" : 0,
                      "heightUnit" : 0,
                      "width" : 100,
                      "height" : 28,
                      "fontName" : "Nanum Gothic",
                      "fontSize" : 14,
                      "fontColor" : {
                        "c_" : "NSColor",
                        "R" : 0.7137255072593689,
                        "G" : 0.7137255072593689,
                        "B" : 0.7137255072593689,
                        "A" : 1
                      },
                      "fontWeight" : 2,
                      "fontAlign" : 1
                    }
                  ],
                  "keys" : [
                    960
                  ]
                },
                "propertyStorages" : {
                  "c_" : "JDMutableArrayDict",
                  "array" : [
                    {
                      "c_" : "IUPropertyStorage",
                      "propertyStorage" : {
                        "IUPropertyTextKey" : "<p>정보 입력<\/p>"
                      }
                    }
                  ],
                  "keys" : [
                    960
                  ]
                }
              },
              {
                "c_" : "IUCell",
                "htmlID" : "cell-78",
                "positionStorages" : {
                  "c_" : "JDMutableArrayDict",
                  "array" : [
                    {
                      "c_" : "IUPositionStorage",
                      "position" : 0,
                      "horizontalCenter" : false,
                      "xUnit" : 0,
                      "yUnit" : 0,
                      "top" : 68,
                      "left" : 691
                    }
                  ],
                  "keys" : [
                    960
                  ]
                },
                "styleStorages" : {
                  "c_" : "JDMutableArrayDict",
                  "array" : [
                    {
                      "c_" : "IUStyleStorage",
                      "widthUnit" : 0,
                      "heightUnit" : 0,
                      "width" : 100,
                      "height" : 28,
                      "fontName" : "Nanum Gothic",
                      "fontSize" : 14,
                      "fontColor" : {
                        "c_" : "NSColor",
                        "R" : 0.7137255072593689,
                        "G" : 0.7137255072593689,
                        "B" : 0.7137255072593689,
                        "A" : 1
                      },
                      "fontWeight" : 2,
                      "fontAlign" : 1
                    }
                  ],
                  "keys" : [
                    960
                  ]
                },
                "propertyStorages" : {
                  "c_" : "JDMutableArrayDict",
                  "array" : [
                    {
                      "c_" : "IUPropertyStorage",
                      "propertyStorage" : {
                        "IUPropertyTextKey" : "<p>확인<\/p>"
                      }
                    }
                  ],
                  "keys" : [
                    960
                  ]
                }
              }
            ],
            "positionStorages" : {
              "c_" : "JDMutableArrayDict",
              "array" : [
                {
                  "c_" : "IUPositionStorage",
                  "position" : 1,
                  "horizontalCenter" : true,
                  "xUnit" : 0,
                  "yUnit" : 0,
                  "top" : 0,
                  "left" : 0
                }
              ],
              "keys" : [
                960
              ]
            },
            "styleStorages" : {
              "c_" : "JDMutableArrayDict",
              "array" : [
                {
                  "c_" : "IUStyleStorage",
                  "widthUnit" : 0,
                  "heightUnit" : 0,
                  "bgColor1" : {
                    "c_" : "NSColor",
                    "R" : 1,
                    "G" : 1,
                    "B" : 1,
                    "A" : 1
                  }
                }
              ],
              "keys" : [
                960
              ]
            }
          }
        ],
        "positionStorages" : {
          "c_" : "JDMutableArrayDict",
          "array" : [
            {
              "c_" : "IUPositionStorage",
              "position" : 1,
              "xUnit" : 0,
              "yUnit" : 0,
              "top" : 0,
              "left" : 0
            }
          ],
          "keys" : [
            960
          ]
        },
        "styleStorages" : {
          "c_" : "JDMutableArrayDict",
          "array" : [
            {
              "c_" : "IUStyleStorage",
              "widthUnit" : 0,
              "heightUnit" : 0,
              "height" : 220
            }
          ],
          "keys" : [
            960
          ]
        }
      },
      {
        "c_" : "IUSection",
        "htmlID" : "section",
        "children" : [
          {
            "c_" : "IUCenterBox",
            "htmlID" : "center-box-29",
            "children" : [
              {
                "c_" : "PGSelect",
                "htmlID" : "pg-select",
                "themeClass" : "courseSelect",
                "pgContentVariable" : "course",
                "positionStorages" : {
                  "c_" : "JDMutableArrayDict",
                  "array" : [
                    {
                      "c_" : "IUPositionStorage",
                      "position" : 0,
                      "xUnit" : 0,
                      "yUnit" : 0,
                      "top" : 130,
                      "left" : 551,
                      "hidden" : 1
                    }
                  ],
                  "keys" : [
                    960
                  ]
                },
                "styleStorages" : {
                  "c_" : "JDMutableArrayDict",
                  "array" : [
                    {
                      "c_" : "IUStyleStorage",
                      "widthUnit" : 0,
                      "heightUnit" : 0,
                      "width" : 200,
                      "height" : 32
                    }
                  ],
                  "keys" : [
                    960
                  ]
                },
                "propertyDictionary" : {
                  "c_" : "IUBackEndDictionary",
                  "djLabel" : "name",
                  "djSelectedValue" : "courseName",
                  "djValue" : "name"
                }
              },
              {
                "c_" : "IUText",
                "htmlID" : "text-68",
                "positionStorages" : {
                  "c_" : "JDMutableArrayDict",
                  "array" : [
                    {
                      "c_" : "IUPositionStorage",
                      "position" : 0,
                      "horizontalCenter" : true,
                      "xUnit" : 0,
                      "yUnit" : 0,
                      "top" : 10,
                      "left" : 210
                    }
                  ],
                  "keys" : [
                    960
                  ]
                },
                "styleStorages" : {
                  "c_" : "JDMutableArrayDict",
                  "array" : [
                    {
                      "c_" : "IUStyleStorage",
                      "widthUnit" : 0,
                      "heightUnit" : 0,
                      "width" : 540,
                      "height" : 96,
                      "fontName" : "Nanum Gothic",
                      "fontSize" : 16,
                      "fontColor" : {
                        "c_" : "NSColor",
                        "R" : 0.2862745225429535,
                        "G" : 0.2862745225429535,
                        "B" : 0.2862745225429535,
                        "A" : 1
                      }
                    }
                  ],
                  "keys" : [
                    960
                  ]
                },
                "propertyStorages" : {
                  "c_" : "JDMutableArrayDict",
                  "array" : [
                    {
                      "c_" : "IUPropertyStorage",
                      "propertyStorage" : {
                        "IUPropertyTextKey" : "<p><span style=\"background-color: transparent;\">수강할 반을 선택해 주세요.<\/span><\/p>\n<p>&nbsp;<\/p>\n<p>&nbsp;<\/p>\n<p><span style=\"background-color: transparent;\">수강할 요일 및 시간대를 선택해 주세요.&nbsp;<\/span><\/p>"
                      }
                    }
                  ],
                  "keys" : [
                    960
                  ]
                }
              },
              {
                "c_" : "PGSelect",
                "htmlID" : "pg-select-62",
                "name" : "classSelect",
                "themeClass" : "subjectSelect",
                "pgContentVariable" : "subject",
                "pgInnerPrefixCode" : "<option value=“default”>클래스 선택<\/option>",
                "positionStorages" : {
                  "c_" : "JDMutableArrayDict",
                  "array" : [
                    {
                      "c_" : "IUPositionStorage",
                      "position" : 0,
                      "secondPosition" : 0,
                      "xUnit" : 0,
                      "yUnit" : false,
                      "top" : 4,
                      "left" : 570
                    }
                  ],
                  "keys" : [
                    960
                  ]
                },
                "styleStorages" : {
                  "c_" : "JDMutableArrayDict",
                  "array" : [
                    {
                      "c_" : "IUStyleStorage",
                      "widthUnit" : 0,
                      "heightUnit" : 0,
                      "width" : 180,
                      "height" : 36,
                      "bgColor1" : {
                        "c_" : "NSColor",
                        "R" : 1,
                        "G" : 1,
                        "B" : 1,
                        "A" : 1
                      },
                      "borderType" : 0,
                      "topBorderColor" : {
                        "c_" : "NSColor",
                        "R" : 0.9529411765,
                        "G" : 0.6509803922,
                        "B" : 0.7058823529,
                        "A" : 1
                      },
                      "leftBorderColor" : {
                        "c_" : "NSColor",
                        "R" : 0.9529411765,
                        "G" : 0.6509803922,
                        "B" : 0.7058823529,
                        "A" : 1
                      },
                      "rightBorderColor" : {
                        "c_" : "NSColor",
                        "R" : 0.9529411765,
                        "G" : 0.6509803922,
                        "B" : 0.7058823529,
                        "A" : 1
                      },
                      "bottomBorderColor" : {
                        "c_" : "NSColor",
                        "R" : 0.9529411765,
                        "G" : 0.6509803922,
                        "B" : 0.7058823529,
                        "A" : 1
                      },
                      "topBorderWidth" : 2,
                      "leftBorderWidth" : 2,
                      "rightBorderWidth" : 2,
                      "bottomBorderWidth" : 2,
                      "fontName" : "Nanum Gothic",
                      "fontSize" : 14,
                      "fontColor" : {
                        "c_" : "NSColor",
                        "R" : 0.285714328289032,
                        "G" : 0.285714328289032,
                        "B" : 0.285714328289032,
                        "A" : 1
                      },
                      "fontWeight" : 2
                    }
                  ],
                  "keys" : [
                    960
                  ]
                },
                "propertyDictionary" : {
                  "c_" : "IUBackEndDictionary",
                  "djLabel" : "name",
                  "djSelectedValue" : "subjectName",
                  "djValue" : "name"
                },
                "labels" : "",
                "values" : ""
              },
              {
                "c_" : "PGSelect",
                "htmlID" : "pg-select-64",
                "name" : "timeSelect",
                "themeClass" : "timeSelect",
                "pgContentVariable" : "time",
                "pgInnerPrefixCode" : "<option value=“default”>요일 및 시간대 선택<\/option>",
                "positionStorages" : {
                  "c_" : "JDMutableArrayDict",
                  "array" : [
                    {
                      "c_" : "IUPositionStorage",
                      "position" : 0,
                      "secondPosition" : 0,
                      "xUnit" : 0,
                      "yUnit" : 0,
                      "top" : 76,
                      "left" : 570
                    }
                  ],
                  "keys" : [
                    960
                  ]
                },
                "styleStorages" : {
                  "c_" : "JDMutableArrayDict",
                  "array" : [
                    {
                      "c_" : "IUStyleStorage",
                      "widthUnit" : 0,
                      "heightUnit" : 0,
                      "width" : 180,
                      "height" : 36,
                      "bgColor1" : {
                        "c_" : "NSColor",
                        "R" : 1,
                        "G" : 1,
                        "B" : 1,
                        "A" : 1
                      },
                      "borderType" : 0,
                      "topBorderColor" : {
                        "c_" : "NSColor",
                        "R" : 0.9529411765,
                        "G" : 0.6509803922,
                        "B" : 0.7058823529,
                        "A" : 1
                      },
                      "leftBorderColor" : {
                        "c_" : "NSColor",
                        "R" : 0.9529411765,
                        "G" : 0.6509803922,
                        "B" : 0.7058823529,
                        "A" : 1
                      },
                      "rightBorderColor" : {
                        "c_" : "NSColor",
                        "R" : 0.9529411765,
                        "G" : 0.6509803922,
                        "B" : 0.7058823529,
                        "A" : 1
                      },
                      "bottomBorderColor" : {
                        "c_" : "NSColor",
                        "R" : 0.9529411765,
                        "G" : 0.6509803922,
                        "B" : 0.7058823529,
                        "A" : 1
                      },
                      "topBorderWidth" : 2,
                      "leftBorderWidth" : 2,
                      "rightBorderWidth" : 2,
                      "bottomBorderWidth" : 2,
                      "topLeftBorderRadius" : 0,
                      "topRightBorderRadius" : 0,
                      "bottomLeftborderRadius" : 0,
                      "bottomRightBorderRadius" : 0,
                      "fontName" : "Nanum Gothic",
                      "fontSize" : 14,
                      "fontColor" : {
                        "c_" : "NSColor",
                        "R" : 0.285714328289032,
                        "G" : 0.285714328289032,
                        "B" : 0.285714328289032,
                        "A" : 1
                      },
                      "fontWeight" : 2
                    }
                  ],
                  "keys" : [
                    960
                  ]
                },
                "propertyDictionary" : {
                  "c_" : "IUBackEndDictionary",
                  "djLabel" : "time",
                  "djSelectedValue" : "timeValue",
                  "djValue" : "time"
                },
                "labels" : "",
                "values" : ""
              }
            ],
            "positionStorages" : {
              "c_" : "JDMutableArrayDict",
              "array" : [
                {
                  "c_" : "IUPositionStorage",
                  "position" : 1,
                  "horizontalCenter" : true,
                  "xUnit" : 0,
                  "yUnit" : 0,
                  "top" : 0,
                  "left" : 0
                }
              ],
              "keys" : [
                960
              ]
            },
            "styleStorages" : {
              "c_" : "JDMutableArrayDict",
              "array" : [
                {
                  "c_" : "IUStyleStorage",
                  "widthUnit" : 0,
                  "heightUnit" : 0,
                  "bgColor1" : {
                    "c_" : "NSColor",
                    "R" : 1,
                    "G" : 1,
                    "B" : 1,
                    "A" : 1
                  }
                }
              ],
              "keys" : [
                960
              ]
            }
          }
        ],
        "positionStorages" : {
          "c_" : "JDMutableArrayDict",
          "array" : [
            {
              "c_" : "IUPositionStorage",
              "position" : 1,
              "xUnit" : 0,
              "yUnit" : 0,
              "top" : 0,
              "left" : 0
            }
          ],
          "keys" : [
            960
          ]
        },
        "styleStorages" : {
          "c_" : "JDMutableArrayDict",
          "array" : [
            {
              "c_" : "IUStyleStorage",
              "widthUnit" : 0,
              "heightUnit" : 0,
              "height" : 176
            }
          ],
          "keys" : [
            960
          ]
        }
      },
      {
        "c_" : "IUSection",
        "htmlID" : "section-73",
        "name" : "Next",
        "children" : [
          {
            "c_" : "IUCenterBox",
            "htmlID" : "center-box-74",
            "positionStorages" : {
              "c_" : "JDMutableArrayDict",
              "array" : [
                {
                  "c_" : "IUPositionStorage",
                  "position" : 1,
                  "horizontalCenter" : true,
                  "xUnit" : 0,
                  "yUnit" : 0,
                  "top" : 0,
                  "left" : 0
                }
              ],
              "keys" : [
                960
              ]
            },
            "styleStorages" : {
              "c_" : "JDMutableArrayDict",
              "array" : [
                {
                  "c_" : "IUStyleStorage",
                  "widthUnit" : 0,
                  "heightUnit" : 0,
                  "bgColor1" : {
                    "c_" : "NSColor",
                    "R" : 1,
                    "G" : 1,
                    "B" : 1,
                    "A" : 1
                  }
                }
              ],
              "keys" : [
                960
              ]
            }
          },
          {
            "c_" : "IUCell",
            "htmlID" : "cell-85",
            "clickType" : 2,
            "themeClass" : "btn_register",
            "positionStorages" : {
              "c_" : "JDMutableArrayDict",
              "array" : [
                {
                  "c_" : "IUPositionStorage",
                  "position" : 0,
                  "horizontalCenter" : true,
                  "xUnit" : 0,
                  "yUnit" : 0,
                  "top" : 20,
                  "left" : 400
                }
              ],
              "keys" : [
                960
              ]
            },
            "styleStorages" : {
              "c_" : "JDMutableArrayDict",
              "array" : [
                {
                  "c_" : "IUStyleStorage",
                  "widthUnit" : 0,
                  "heightUnit" : 0,
                  "width" : 160,
                  "height" : 42,
                  "bgColor1" : {
                    "c_" : "NSColor",
                    "R" : 0.9529411765,
                    "G" : 0.6509803922,
                    "B" : 0.7058823529,
                    "A" : 1
                  },
                  "topLeftBorderRadius" : 4,
                  "topRightBorderRadius" : 4,
                  "bottomLeftborderRadius" : 4,
                  "bottomRightBorderRadius" : 4,
                  "fontName" : "Nanum Gothic",
                  "fontSize" : 18,
                  "fontColor" : {
                    "c_" : "NSColor",
                    "R" : 1,
                    "G" : 1,
                    "B" : 1,
                    "A" : 1
                  },
                  "fontWeight" : 2,
                  "fontAlign" : 1
                }
              ],
              "keys" : [
                960
              ]
            },
            "propertyStorages" : {
              "c_" : "JDMutableArrayDict",
              "array" : [
                {
                  "c_" : "IUPropertyStorage",
                  "propertyStorage" : {
                    "IUPropertyTextKey" : "<p>다음 단계로<\/p>"
                  }
                }
              ],
              "keys" : [
                960
              ]
            }
          }
        ],
        "positionStorages" : {
          "c_" : "JDMutableArrayDict",
          "array" : [
            {
              "c_" : "IUPositionStorage",
              "position" : 1,
              "xUnit" : 0,
              "yUnit" : 0,
              "top" : 0,
              "left" : 0
            }
          ],
          "keys" : [
            960
          ]
        },
        "styleStorages" : {
          "c_" : "JDMutableArrayDict",
          "array" : [
            {
              "c_" : "IUStyleStorage",
              "widthUnit" : 0,
              "heightUnit" : 0,
              "height" : 162
            }
          ],
          "keys" : [
            960
          ]
        }
      }
    ],
    "positionStorages" : {
      "c_" : "JDMutableArrayDict",
      "array" : [
        {
          "c_" : "IUPositionStorage",
          "position" : 1,
          "xUnit" : 0,
          "yUnit" : 0,
          "top" : 0,
          "left" : 0
        }
      ],
      "keys" : [
        960
      ]
    },
    "styleStorages" : {
      "c_" : "JDMutableArrayDict",
      "array" : [
        {
          "c_" : "IUStyleStorage",
          "widthUnit" : 0,
          "heightUnit" : 0,
          "bgColor1" : {
            "c_" : "NSColor",
            "R" : 0.9686274528503418,
            "G" : 0.9686274528503418,
            "B" : 0.9686274528503418,
            "A" : 1
          }
        }
      ],
      "keys" : [
        960
      ]
    }
  },
  "header" : {
    "c_" : "IUHeader",
    "htmlID" : "header",
    "positionStorages" : {
      "c_" : "JDMutableArrayDict",
      "array" : [
        {
          "c_" : "IUPositionStorage",
          "position" : 1,
          "xUnit" : 0,
          "yUnit" : 0,
          "top" : 0,
          "left" : 0
        }
      ],
      "keys" : [
        960
      ]
    },
    "styleStorages" : {
      "c_" : "JDMutableArrayDict",
      "array" : [
        {
          "c_" : "IUStyleStorage",
          "widthUnit" : 1,
          "heightUnit" : 0,
          "width" : 100,
          "height" : 228,
          "minWidth" : 960,
          "bgColor1" : {
            "c_" : "NSColor",
            "R" : 0.9686274509803922,
            "G" : 0.9686274509803922,
            "B" : 0.9686274509803922,
            "A" : 1
          },
          "bgColorLocation" : 100,
          "fontColor" : {
            "c_" : "NSColor",
            "R" : 0.2000000029802322,
            "G" : 0.2000000029802322,
            "B" : 0.2000000029802322,
            "A" : 1
          }
        }
      ],
      "keys" : [
        960
      ]
    }
  },
  "footer" : {
    "c_" : "IUFooter",
    "htmlID" : "footer",
    "positionStorages" : {
      "c_" : "JDMutableArrayDict",
      "array" : [
        {
          "c_" : "IUPositionStorage",
          "position" : 1,
          "xUnit" : 0,
          "yUnit" : 0,
          "top" : 0,
          "left" : 0
        }
      ],
      "keys" : [
        960
      ]
    },
    "styleStorages" : {
      "c_" : "JDMutableArrayDict",
      "array" : [
        {
          "c_" : "IUStyleStorage",
          "widthUnit" : 1,
          "heightUnit" : 0,
          "width" : 100,
          "height" : 274,
          "bgColor1" : {
            "c_" : "NSColor",
            "R" : 0.9686274509803922,
            "G" : 0.9686274509803922,
            "B" : 0.9686274509803922,
            "A" : 1
          }
        }
      ],
      "keys" : [
        960
      ]
    }
  },
  "sidebar" : {
    "c_" : "IUSidebar",
    "htmlID" : "sidebar",
    "positionStorages" : {
      "c_" : "JDMutableArrayDict",
      "array" : [
        {
          "c_" : "IUPositionStorage",
          "position" : 1,
          "secondPosition" : 1,
          "xUnit" : 0,
          "yUnit" : 0,
          "top" : 0,
          "left" : 0
        }
      ],
      "keys" : [
        960
      ]
    },
    "styleStorages" : {
      "c_" : "JDMutableArrayDict",
      "array" : [
        {
          "c_" : "IUStyleStorage",
          "widthUnit" : 1,
          "heightUnit" : 0,
          "width" : 100,
          "height" : 500
        }
      ],
      "keys" : [
        960
      ]
    }
  },
  "popupGroup" : {
    "c_" : "IUGroup",
    "htmlID" : "",
    "name" : "Popup Group",
    "positionStorages" : {
      "c_" : "JDMutableArrayDict",
      "array" : [
        {
          "c_" : "IUPositionStorage",
          "position" : 0,
          "xUnit" : 0,
          "yUnit" : 0,
          "top" : 0,
          "left" : 0
        }
      ],
      "keys" : [
        960
      ]
    },
    "styleStorages" : {
      "c_" : "JDMutableArrayDict",
      "array" : [
        {
          "c_" : "IUStyleStorage",
          "widthUnit" : 0,
          "heightUnit" : 0,
          "width" : 0,
          "height" : 0
        }
      ],
      "keys" : [
        960
      ]
    },
    "_groupType" : 2
  },
  "panelGroup" : {
    "c_" : "IUGroup",
    "htmlID" : "",
    "name" : "Panel Group",
    "positionStorages" : {
      "c_" : "JDMutableArrayDict",
      "array" : [
        {
          "c_" : "IUPositionStorage",
          "position" : 0,
          "xUnit" : 0,
          "yUnit" : 0,
          "top" : 0,
          "left" : 0
        }
      ],
      "keys" : [
        960
      ]
    },
    "styleStorages" : {
      "c_" : "JDMutableArrayDict",
      "array" : [
        {
          "c_" : "IUStyleStorage",
          "widthUnit" : 0,
          "heightUnit" : 0,
          "width" : 0,
          "height" : 0
        }
      ],
      "keys" : [
        960
      ]
    },
    "_groupType" : 1
  },
  "layout" : 1,
  "customCodeAtTopHead" : "<script src=\"https:\/\/ajax.googleapis.com\/ajax\/libs\/jquery\/1.12.0\/jquery.min.js\"><\/script>\n<script type=\"text\/javascript\" src=\"https:\/\/service.iamport.kr\/js\/iamport.payment-1.1.1.js\"><\/script>",
  "jsFileRelativePaths" : [
    "\/index.js"
  ],
  "m_" : "5B645A45-228C-4797-9E8D-73C5D76DC257",
  "c_" : "IUPage"
}