{
  "htmlID" : "makerApply_3_2",
  "name" : "makerApply_3_2",
  "positionStorages" : {
    "c_" : "JDMutableArrayDict",
    "array" : [
      {
        "c_" : "IUPositionStorage",
        "position" : 0,
        "xUnit" : 0,
        "yUnit" : 0
      }
    ],
    "keys" : [
      960
    ]
  },
  "styleStorages" : {
    "c_" : "JDMutableArrayDict",
    "array" : [
      {
        "c_" : "IUStyleStorage",
        "widthUnit" : 0,
        "heightUnit" : 0
      }
    ],
    "keys" : [
      960
    ]
  },
  "eventVariable" : {

  },
  "ghostOpacity" : 0.5,
  "pageContent" : {
    "c_" : "IUPageContent",
    "htmlID" : "page-content",
    "children" : [
      {
        "c_" : "IUSection",
        "htmlID" : "section-103",
        "name" : "Title",
        "children" : [
          {
            "c_" : "IUCenterBox",
            "htmlID" : "center-box-104",
            "children" : [
              {
                "c_" : "IUCell",
                "htmlID" : "cell-104",
                "positionStorages" : {
                  "c_" : "JDMutableArrayDict",
                  "array" : [
                    {
                      "c_" : "IUPositionStorage",
                      "position" : 0,
                      "xUnit" : 0,
                      "yUnit" : 0,
                      "top" : 0,
                      "left" : 0
                    }
                  ],
                  "keys" : [
                    960
                  ]
                },
                "styleStorages" : {
                  "c_" : "JDMutableArrayDict",
                  "array" : [
                    {
                      "c_" : "IUStyleStorage",
                      "widthUnit" : 0,
                      "heightUnit" : 0,
                      "width" : 960,
                      "height" : 180,
                      "bgColor1" : {
                        "c_" : "NSColor",
                        "R" : 0.9529411765,
                        "G" : 0.6509803922,
                        "B" : 0.7058823529,
                        "A" : 1
                      },
                      "fontName" : "Nanum Gothic",
                      "fontSize" : 36,
                      "fontColor" : {
                        "c_" : "NSColor",
                        "R" : 1,
                        "G" : 1,
                        "B" : 1,
                        "A" : 1
                      },
                      "fontWeight" : 2,
                      "fontAlign" : 1
                    }
                  ],
                  "keys" : [
                    960
                  ]
                },
                "propertyStorages" : {
                  "c_" : "JDMutableArrayDict",
                  "array" : [
                    {
                      "c_" : "IUPropertyStorage",
                      "propertyStorage" : {
                        "IUPropertyTextKey" : "<p>MAKER 수강신청<\/p>"
                      }
                    }
                  ],
                  "keys" : [
                    960
                  ]
                }
              }
            ],
            "positionStorages" : {
              "c_" : "JDMutableArrayDict",
              "array" : [
                {
                  "c_" : "IUPositionStorage",
                  "position" : 1,
                  "horizontalCenter" : true,
                  "xUnit" : 0,
                  "yUnit" : 0,
                  "top" : 0,
                  "left" : 0
                }
              ],
              "keys" : [
                960
              ]
            },
            "styleStorages" : {
              "c_" : "JDMutableArrayDict",
              "array" : [
                {
                  "c_" : "IUStyleStorage",
                  "widthUnit" : 0,
                  "heightUnit" : 0
                }
              ],
              "keys" : [
                960
              ]
            }
          }
        ],
        "positionStorages" : {
          "c_" : "JDMutableArrayDict",
          "array" : [
            {
              "c_" : "IUPositionStorage",
              "position" : 1,
              "xUnit" : 0,
              "yUnit" : 0,
              "top" : 0,
              "left" : 0
            }
          ],
          "keys" : [
            960
          ]
        },
        "styleStorages" : {
          "c_" : "JDMutableArrayDict",
          "array" : [
            {
              "c_" : "IUStyleStorage",
              "widthUnit" : 0,
              "heightUnit" : 0,
              "height" : 180
            }
          ],
          "keys" : [
            960
          ]
        }
      },
      {
        "c_" : "IUSection",
        "htmlID" : "section-71",
        "name" : "ProgressBar",
        "children" : [
          {
            "c_" : "IUCenterBox",
            "htmlID" : "center-box-72",
            "children" : [
              {
                "c_" : "IUBox",
                "htmlID" : "box-84",
                "positionStorages" : {
                  "c_" : "JDMutableArrayDict",
                  "array" : [
                    {
                      "c_" : "IUPositionStorage",
                      "position" : 0,
                      "horizontalCenter" : false,
                      "xUnit" : 0,
                      "yUnit" : 0,
                      "top" : 114,
                      "left" : 210
                    }
                  ],
                  "keys" : [
                    960
                  ]
                },
                "styleStorages" : {
                  "c_" : "JDMutableArrayDict",
                  "array" : [
                    {
                      "c_" : "IUStyleStorage",
                      "widthUnit" : 0,
                      "heightUnit" : 0,
                      "width" : 270,
                      "height" : 10,
                      "bgColor1" : {
                        "c_" : "NSColor",
                        "R" : 0.9529411765,
                        "G" : 0.6509803922,
                        "B" : 0.7058823529,
                        "A" : 1
                      }
                    }
                  ],
                  "keys" : [
                    960
                  ]
                }
              },
              {
                "c_" : "IUBox",
                "htmlID" : "box-72",
                "positionStorages" : {
                  "c_" : "JDMutableArrayDict",
                  "array" : [
                    {
                      "c_" : "IUPositionStorage",
                      "position" : 0,
                      "horizontalCenter" : false,
                      "xUnit" : 0,
                      "yUnit" : 0,
                      "top" : 114,
                      "left" : 480
                    }
                  ],
                  "keys" : [
                    960
                  ]
                },
                "styleStorages" : {
                  "c_" : "JDMutableArrayDict",
                  "array" : [
                    {
                      "c_" : "IUStyleStorage",
                      "widthUnit" : 0,
                      "heightUnit" : 0,
                      "width" : 270,
                      "height" : 10,
                      "bgColor1" : {
                        "c_" : "NSColor",
                        "R" : 0.9529411765,
                        "G" : 0.6509803922,
                        "B" : 0.7058823529,
                        "A" : 1
                      }
                    }
                  ],
                  "keys" : [
                    960
                  ]
                }
              },
              {
                "c_" : "IUCell",
                "htmlID" : "cell-87",
                "positionStorages" : {
                  "c_" : "JDMutableArrayDict",
                  "array" : [
                    {
                      "c_" : "IUPositionStorage",
                      "position" : 0,
                      "xUnit" : 0,
                      "yUnit" : 0,
                      "top" : 100,
                      "left" : 200
                    }
                  ],
                  "keys" : [
                    960
                  ]
                },
                "styleStorages" : {
                  "c_" : "JDMutableArrayDict",
                  "array" : [
                    {
                      "c_" : "IUStyleStorage",
                      "widthUnit" : 0,
                      "heightUnit" : 0,
                      "width" : 32,
                      "height" : 32,
                      "bgColor1" : {
                        "c_" : "NSColor",
                        "R" : 1,
                        "G" : 1,
                        "B" : 1,
                        "A" : 1
                      },
                      "topBorderColor" : {
                        "c_" : "NSColor",
                        "R" : 0.9529411765,
                        "G" : 0.6509803922,
                        "B" : 0.7058823529,
                        "A" : 1
                      },
                      "leftBorderColor" : {
                        "c_" : "NSColor",
                        "R" : 0.9529411765,
                        "G" : 0.6509803922,
                        "B" : 0.7058823529,
                        "A" : 1
                      },
                      "rightBorderColor" : {
                        "c_" : "NSColor",
                        "R" : 0.9529411765,
                        "G" : 0.6509803922,
                        "B" : 0.7058823529,
                        "A" : 1
                      },
                      "bottomBorderColor" : {
                        "c_" : "NSColor",
                        "R" : 0.9529411765,
                        "G" : 0.6509803922,
                        "B" : 0.7058823529,
                        "A" : 1
                      },
                      "topBorderWidth" : 3,
                      "leftBorderWidth" : 3,
                      "rightBorderWidth" : 3,
                      "bottomBorderWidth" : 3,
                      "topLeftBorderRadius" : 40,
                      "topRightBorderRadius" : 40,
                      "bottomLeftborderRadius" : 40,
                      "bottomRightBorderRadius" : 40,
                      "fontName" : "Nanum Gothic",
                      "fontSize" : 18,
                      "fontColor" : {
                        "c_" : "NSColor",
                        "R" : 0.9529411765,
                        "G" : 0.6509803922,
                        "B" : 0.7058823529,
                        "A" : 1
                      },
                      "fontWeight" : 2,
                      "fontAlign" : 1
                    }
                  ],
                  "keys" : [
                    960
                  ]
                },
                "propertyStorages" : {
                  "c_" : "JDMutableArrayDict",
                  "array" : [
                    {
                      "c_" : "IUPropertyStorage",
                      "propertyStorage" : {
                        "IUPropertyTextKey" : "<p>1<\/p>"
                      }
                    }
                  ],
                  "keys" : [
                    960
                  ]
                }
              },
              {
                "c_" : "IUCell",
                "htmlID" : "cell-88",
                "positionStorages" : {
                  "c_" : "JDMutableArrayDict",
                  "array" : [
                    {
                      "c_" : "IUPositionStorage",
                      "position" : 0,
                      "horizontalCenter" : false,
                      "xUnit" : 0,
                      "yUnit" : 0,
                      "top" : 100,
                      "left" : 461
                    }
                  ],
                  "keys" : [
                    960
                  ]
                },
                "styleStorages" : {
                  "c_" : "JDMutableArrayDict",
                  "array" : [
                    {
                      "c_" : "IUStyleStorage",
                      "widthUnit" : 0,
                      "heightUnit" : 0,
                      "width" : 32,
                      "height" : 32,
                      "bgColor1" : {
                        "c_" : "NSColor",
                        "R" : 1,
                        "G" : 1,
                        "B" : 1,
                        "A" : 1
                      },
                      "topBorderColor" : {
                        "c_" : "NSColor",
                        "R" : 0.9529411765,
                        "G" : 0.6509803922,
                        "B" : 0.7058823529,
                        "A" : 1
                      },
                      "leftBorderColor" : {
                        "c_" : "NSColor",
                        "R" : 0.9529411765,
                        "G" : 0.6509803922,
                        "B" : 0.7058823529,
                        "A" : 1
                      },
                      "rightBorderColor" : {
                        "c_" : "NSColor",
                        "R" : 0.9529411765,
                        "G" : 0.6509803922,
                        "B" : 0.7058823529,
                        "A" : 1
                      },
                      "bottomBorderColor" : {
                        "c_" : "NSColor",
                        "R" : 0.9529411765,
                        "G" : 0.6509803922,
                        "B" : 0.7058823529,
                        "A" : 1
                      },
                      "topBorderWidth" : 3,
                      "leftBorderWidth" : 3,
                      "rightBorderWidth" : 3,
                      "bottomBorderWidth" : 3,
                      "topLeftBorderRadius" : 40,
                      "topRightBorderRadius" : 40,
                      "bottomLeftborderRadius" : 40,
                      "bottomRightBorderRadius" : 40,
                      "fontName" : "Nanum Gothic",
                      "fontSize" : 18,
                      "fontColor" : {
                        "c_" : "NSColor",
                        "R" : 0.9529411765,
                        "G" : 0.6509803922,
                        "B" : 0.7058823529,
                        "A" : 1
                      },
                      "fontWeight" : 2,
                      "fontAlign" : 1
                    }
                  ],
                  "keys" : [
                    960
                  ]
                },
                "propertyStorages" : {
                  "c_" : "JDMutableArrayDict",
                  "array" : [
                    {
                      "c_" : "IUPropertyStorage",
                      "propertyStorage" : {
                        "IUPropertyTextKey" : "<p>2<\/p>"
                      }
                    }
                  ],
                  "keys" : [
                    960
                  ]
                }
              },
              {
                "c_" : "IUCell",
                "htmlID" : "cell-89",
                "positionStorages" : {
                  "c_" : "JDMutableArrayDict",
                  "array" : [
                    {
                      "c_" : "IUPositionStorage",
                      "position" : 0,
                      "xUnit" : 0,
                      "yUnit" : 0,
                      "top" : 100,
                      "left" : 722
                    }
                  ],
                  "keys" : [
                    960
                  ]
                },
                "styleStorages" : {
                  "c_" : "JDMutableArrayDict",
                  "array" : [
                    {
                      "c_" : "IUStyleStorage",
                      "widthUnit" : 0,
                      "heightUnit" : 0,
                      "width" : 32,
                      "height" : 32,
                      "bgColor1" : {
                        "c_" : "NSColor",
                        "R" : 1,
                        "G" : 1,
                        "B" : 1,
                        "A" : 1
                      },
                      "topBorderColor" : {
                        "c_" : "NSColor",
                        "R" : 0.9529411765,
                        "G" : 0.6509803922,
                        "B" : 0.7058823529,
                        "A" : 1
                      },
                      "leftBorderColor" : {
                        "c_" : "NSColor",
                        "R" : 0.9529411765,
                        "G" : 0.6509803922,
                        "B" : 0.7058823529,
                        "A" : 1
                      },
                      "rightBorderColor" : {
                        "c_" : "NSColor",
                        "R" : 0.9529411765,
                        "G" : 0.6509803922,
                        "B" : 0.7058823529,
                        "A" : 1
                      },
                      "bottomBorderColor" : {
                        "c_" : "NSColor",
                        "R" : 0.9529411765,
                        "G" : 0.6509803922,
                        "B" : 0.7058823529,
                        "A" : 1
                      },
                      "topBorderWidth" : 3,
                      "leftBorderWidth" : 3,
                      "rightBorderWidth" : 3,
                      "bottomBorderWidth" : 3,
                      "topLeftBorderRadius" : 40,
                      "topRightBorderRadius" : 40,
                      "bottomLeftborderRadius" : 40,
                      "bottomRightBorderRadius" : 40,
                      "fontName" : "Nanum Gothic",
                      "fontSize" : 18,
                      "fontColor" : {
                        "c_" : "NSColor",
                        "R" : 0.9529411765,
                        "G" : 0.6509803922,
                        "B" : 0.7058823529,
                        "A" : 1
                      },
                      "fontWeight" : 2,
                      "fontAlign" : 1
                    }
                  ],
                  "keys" : [
                    960
                  ]
                },
                "propertyStorages" : {
                  "c_" : "JDMutableArrayDict",
                  "array" : [
                    {
                      "c_" : "IUPropertyStorage",
                      "propertyStorage" : {
                        "IUPropertyTextKey" : "<p>3<\/p>"
                      }
                    }
                  ],
                  "keys" : [
                    960
                  ]
                }
              },
              {
                "c_" : "IUCell",
                "htmlID" : "cell-105",
                "positionStorages" : {
                  "c_" : "JDMutableArrayDict",
                  "array" : [
                    {
                      "c_" : "IUPositionStorage",
                      "position" : 0,
                      "xUnit" : 0,
                      "yUnit" : 0,
                      "top" : 68,
                      "left" : 169
                    }
                  ],
                  "keys" : [
                    960
                  ]
                },
                "styleStorages" : {
                  "c_" : "JDMutableArrayDict",
                  "array" : [
                    {
                      "c_" : "IUStyleStorage",
                      "widthUnit" : 0,
                      "heightUnit" : 0,
                      "width" : 100,
                      "height" : 28,
                      "fontName" : "Nanum Gothic",
                      "fontSize" : 14,
                      "fontColor" : {
                        "c_" : "NSColor",
                        "R" : 0.9529411765,
                        "G" : 0.6509803922,
                        "B" : 0.7058823529,
                        "A" : 1
                      },
                      "fontWeight" : 2,
                      "fontAlign" : 1
                    }
                  ],
                  "keys" : [
                    960
                  ]
                },
                "propertyStorages" : {
                  "c_" : "JDMutableArrayDict",
                  "array" : [
                    {
                      "c_" : "IUPropertyStorage",
                      "propertyStorage" : {
                        "IUPropertyTextKey" : "<p>반 선택<\/p>"
                      }
                    }
                  ],
                  "keys" : [
                    960
                  ]
                }
              },
              {
                "c_" : "IUCell",
                "htmlID" : "cell-77",
                "positionStorages" : {
                  "c_" : "JDMutableArrayDict",
                  "array" : [
                    {
                      "c_" : "IUPositionStorage",
                      "position" : 0,
                      "horizontalCenter" : true,
                      "xUnit" : 0,
                      "yUnit" : 0,
                      "top" : 68,
                      "left" : 169
                    }
                  ],
                  "keys" : [
                    960
                  ]
                },
                "styleStorages" : {
                  "c_" : "JDMutableArrayDict",
                  "array" : [
                    {
                      "c_" : "IUStyleStorage",
                      "widthUnit" : 0,
                      "heightUnit" : 0,
                      "width" : 100,
                      "height" : 28,
                      "fontName" : "Nanum Gothic",
                      "fontSize" : 14,
                      "fontColor" : {
                        "c_" : "NSColor",
                        "R" : 0.9529411765,
                        "G" : 0.6509803922,
                        "B" : 0.7058823529,
                        "A" : 1
                      },
                      "fontWeight" : 2,
                      "fontAlign" : 1
                    }
                  ],
                  "keys" : [
                    960
                  ]
                },
                "propertyStorages" : {
                  "c_" : "JDMutableArrayDict",
                  "array" : [
                    {
                      "c_" : "IUPropertyStorage",
                      "propertyStorage" : {
                        "IUPropertyTextKey" : "<p>정보 입력<\/p>"
                      }
                    }
                  ],
                  "keys" : [
                    960
                  ]
                }
              },
              {
                "c_" : "IUCell",
                "htmlID" : "cell-78",
                "positionStorages" : {
                  "c_" : "JDMutableArrayDict",
                  "array" : [
                    {
                      "c_" : "IUPositionStorage",
                      "position" : 0,
                      "horizontalCenter" : false,
                      "xUnit" : 0,
                      "yUnit" : 0,
                      "top" : 68,
                      "left" : 691
                    }
                  ],
                  "keys" : [
                    960
                  ]
                },
                "styleStorages" : {
                  "c_" : "JDMutableArrayDict",
                  "array" : [
                    {
                      "c_" : "IUStyleStorage",
                      "widthUnit" : 0,
                      "heightUnit" : 0,
                      "width" : 100,
                      "height" : 28,
                      "fontName" : "Nanum Gothic",
                      "fontSize" : 14,
                      "fontColor" : {
                        "c_" : "NSColor",
                        "R" : 0.9529411765,
                        "G" : 0.6509803922,
                        "B" : 0.7058823529,
                        "A" : 1
                      },
                      "fontWeight" : 2,
                      "fontAlign" : 1
                    }
                  ],
                  "keys" : [
                    960
                  ]
                },
                "propertyStorages" : {
                  "c_" : "JDMutableArrayDict",
                  "array" : [
                    {
                      "c_" : "IUPropertyStorage",
                      "propertyStorage" : {
                        "IUPropertyTextKey" : "<p>확인<\/p>"
                      }
                    }
                  ],
                  "keys" : [
                    960
                  ]
                }
              }
            ],
            "positionStorages" : {
              "c_" : "JDMutableArrayDict",
              "array" : [
                {
                  "c_" : "IUPositionStorage",
                  "position" : 1,
                  "horizontalCenter" : true,
                  "xUnit" : 0,
                  "yUnit" : 0,
                  "top" : 0,
                  "left" : 0
                }
              ],
              "keys" : [
                960
              ]
            },
            "styleStorages" : {
              "c_" : "JDMutableArrayDict",
              "array" : [
                {
                  "c_" : "IUStyleStorage",
                  "widthUnit" : 0,
                  "heightUnit" : 0,
                  "bgColor1" : {
                    "c_" : "NSColor",
                    "R" : 1,
                    "G" : 1,
                    "B" : 1,
                    "A" : 1
                  }
                }
              ],
              "keys" : [
                960
              ]
            }
          }
        ],
        "positionStorages" : {
          "c_" : "JDMutableArrayDict",
          "array" : [
            {
              "c_" : "IUPositionStorage",
              "position" : 1,
              "xUnit" : 0,
              "yUnit" : 0,
              "top" : 0,
              "left" : 0
            }
          ],
          "keys" : [
            960
          ]
        },
        "styleStorages" : {
          "c_" : "JDMutableArrayDict",
          "array" : [
            {
              "c_" : "IUStyleStorage",
              "widthUnit" : 0,
              "heightUnit" : 0,
              "height" : 220
            }
          ],
          "keys" : [
            960
          ]
        }
      },
      {
        "c_" : "IUSection",
        "htmlID" : "section",
        "name" : "Confirm",
        "children" : [
          {
            "c_" : "IUCenterBox",
            "htmlID" : "center-box-37",
            "children" : [
              {
                "c_" : "IUCell",
                "htmlID" : "cell-76",
                "positionStorages" : {
                  "c_" : "JDMutableArrayDict",
                  "array" : [
                    {
                      "c_" : "IUPositionStorage",
                      "position" : 0,
                      "horizontalCenter" : false,
                      "xUnit" : 0,
                      "yUnit" : 0,
                      "top" : 40,
                      "left" : 210
                    }
                  ],
                  "keys" : [
                    960
                  ]
                },
                "styleStorages" : {
                  "c_" : "JDMutableArrayDict",
                  "array" : [
                    {
                      "c_" : "IUStyleStorage",
                      "widthUnit" : 0,
                      "heightUnit" : 0,
                      "width" : 541,
                      "height" : 42,
                      "fontName" : "Nanum Gothic",
                      "fontSize" : 30,
                      "fontColor" : {
                        "c_" : "NSColor",
                        "R" : 0.285714328289032,
                        "G" : 0.285714328289032,
                        "B" : 0.285714328289032,
                        "A" : 1
                      },
                      "fontWeight" : 2,
                      "fontAlign" : 0
                    }
                  ],
                  "keys" : [
                    960
                  ]
                },
                "propertyStorages" : {
                  "c_" : "JDMutableArrayDict",
                  "array" : [
                    {
                      "c_" : "IUPropertyStorage",
                      "propertyStorage" : {
                        "IUPropertyTextKey" : "<p>수강 정보 확인<\/p>"
                      }
                    }
                  ],
                  "keys" : [
                    960
                  ]
                }
              },
              {
                "c_" : "IUText",
                "htmlID" : "text-84",
                "positionStorages" : {
                  "c_" : "JDMutableArrayDict",
                  "array" : [
                    {
                      "c_" : "IUPositionStorage",
                      "position" : 0,
                      "horizontalCenter" : false,
                      "xUnit" : 0,
                      "yUnit" : 0,
                      "top" : 88,
                      "left" : 210
                    }
                  ],
                  "keys" : [
                    960
                  ]
                },
                "styleStorages" : {
                  "c_" : "JDMutableArrayDict",
                  "array" : [
                    {
                      "c_" : "IUStyleStorage",
                      "widthUnit" : 0,
                      "heightUnit" : 0,
                      "width" : 540,
                      "fontName" : "Nanum Gothic",
                      "fontSize" : 14,
                      "fontColor" : {
                        "c_" : "NSColor",
                        "R" : 0.5714285969734192,
                        "G" : 0.5714285969734192,
                        "B" : 0.5714285969734192,
                        "A" : 1
                      }
                    }
                  ],
                  "keys" : [
                    960
                  ]
                },
                "propertyStorages" : {
                  "c_" : "JDMutableArrayDict",
                  "array" : [
                    {
                      "c_" : "IUPropertyStorage",
                      "propertyStorage" : {
                        "IUPropertyTextKey" : "<p>입력하신 정보가 올바른지 다시 한 번 확인해 주세요.<\/p>"
                      }
                    }
                  ],
                  "keys" : [
                    960
                  ]
                }
              },
              {
                "c_" : "IUText",
                "htmlID" : "text-77",
                "positionStorages" : {
                  "c_" : "JDMutableArrayDict",
                  "array" : [
                    {
                      "c_" : "IUPositionStorage",
                      "position" : 0,
                      "horizontalCenter" : true,
                      "xUnit" : 0,
                      "yUnit" : 0,
                      "top" : 140,
                      "left" : 199
                    }
                  ],
                  "keys" : [
                    960
                  ]
                },
                "styleStorages" : {
                  "c_" : "JDMutableArrayDict",
                  "array" : [
                    {
                      "c_" : "IUStyleStorage",
                      "widthUnit" : 0,
                      "heightUnit" : 0,
                      "width" : 540,
                      "height" : 216,
                      "fontName" : "Nanum Gothic",
                      "fontSize" : 16,
                      "fontColor" : {
                        "c_" : "NSColor",
                        "R" : 0.285714328289032,
                        "G" : 0.285714328289032,
                        "B" : 0.285714328289032,
                        "A" : 1
                      }
                    }
                  ],
                  "keys" : [
                    960
                  ]
                },
                "propertyStorages" : {
                  "c_" : "JDMutableArrayDict",
                  "array" : [
                    {
                      "c_" : "IUPropertyStorage",
                      "propertyStorage" : {
                        "IUPropertyTextKey" : "<p><span style=\"background-color: transparent;\">클래스:&nbsp;<\/span><\/p>\n<p>&nbsp;<\/p>\n<p>요일 및 시간:&nbsp;<\/p>\n<p>&nbsp;<\/p>\n<p>학생 이름:&nbsp;<\/p>\n<p>&nbsp;<\/p>\n<p>부모님 성함:&nbsp;<\/p>\n<p>&nbsp;<\/p>\n<p>부모님 이메일:&nbsp;<\/p>"
                      }
                    }
                  ],
                  "keys" : [
                    960
                  ]
                }
              },
              {
                "c_" : "IUCell",
                "htmlID" : "cell-72",
                "themeClass" : "applySubject",
                "pgInnerCode" : "{{ subject }}",
                "positionStorages" : {
                  "c_" : "JDMutableArrayDict",
                  "array" : [
                    {
                      "c_" : "IUPositionStorage",
                      "position" : 0,
                      "xUnit" : 0,
                      "yUnit" : 0,
                      "top" : 134,
                      "left" : 340
                    }
                  ],
                  "keys" : [
                    960
                  ]
                },
                "styleStorages" : {
                  "c_" : "JDMutableArrayDict",
                  "array" : [
                    {
                      "c_" : "IUStyleStorage",
                      "widthUnit" : 0,
                      "heightUnit" : 0,
                      "width" : 200,
                      "height" : 30,
                      "bgColor1" : {
                        "c_" : "NSColor",
                        "R" : 1,
                        "G" : 1,
                        "B" : 1,
                        "A" : 0.5
                      },
                      "topBorderColor" : {
                        "c_" : "NSColor",
                        "R" : 0.7137255072593689,
                        "G" : 0.7137255072593689,
                        "B" : 0.7137255072593689,
                        "A" : 1
                      },
                      "leftBorderColor" : {
                        "c_" : "NSColor",
                        "R" : 0.7137255072593689,
                        "G" : 0.7137255072593689,
                        "B" : 0.7137255072593689,
                        "A" : 1
                      },
                      "rightBorderColor" : {
                        "c_" : "NSColor",
                        "R" : 0.7137255072593689,
                        "G" : 0.7137255072593689,
                        "B" : 0.7137255072593689,
                        "A" : 1
                      },
                      "bottomBorderColor" : {
                        "c_" : "NSColor",
                        "R" : 0.7137255072593689,
                        "G" : 0.7137255072593689,
                        "B" : 0.7137255072593689,
                        "A" : 1
                      },
                      "topBorderWidth" : 2,
                      "leftBorderWidth" : 2,
                      "rightBorderWidth" : 2,
                      "bottomBorderWidth" : 2,
                      "topLeftBorderRadius" : 5,
                      "topRightBorderRadius" : 5,
                      "bottomLeftborderRadius" : 5,
                      "bottomRightBorderRadius" : 5,
                      "fontName" : "Nanum Gothic",
                      "fontSize" : 14,
                      "fontColor" : {
                        "c_" : "NSColor",
                        "R" : 0.285714328289032,
                        "G" : 0.285714328289032,
                        "B" : 0.285714328289032,
                        "A" : 1
                      },
                      "fontWeight" : 2,
                      "fontAlign" : 0
                    }
                  ],
                  "keys" : [
                    960
                  ]
                }
              },
              {
                "c_" : "IUCell",
                "htmlID" : "cell-71",
                "themeClass" : "applyTime",
                "pgInnerCode" : "{{ time }}",
                "positionStorages" : {
                  "c_" : "JDMutableArrayDict",
                  "array" : [
                    {
                      "c_" : "IUPositionStorage",
                      "position" : 0,
                      "xUnit" : 0,
                      "yUnit" : 0,
                      "top" : 182,
                      "left" : 340
                    }
                  ],
                  "keys" : [
                    960
                  ]
                },
                "styleStorages" : {
                  "c_" : "JDMutableArrayDict",
                  "array" : [
                    {
                      "c_" : "IUStyleStorage",
                      "widthUnit" : 0,
                      "heightUnit" : 0,
                      "width" : 200,
                      "height" : 30,
                      "bgColor1" : {
                        "c_" : "NSColor",
                        "R" : 1,
                        "G" : 1,
                        "B" : 1,
                        "A" : 0.5
                      },
                      "topBorderColor" : {
                        "c_" : "NSColor",
                        "R" : 0.7137255072593689,
                        "G" : 0.7137255072593689,
                        "B" : 0.7137255072593689,
                        "A" : 1
                      },
                      "leftBorderColor" : {
                        "c_" : "NSColor",
                        "R" : 0.7137255072593689,
                        "G" : 0.7137255072593689,
                        "B" : 0.7137255072593689,
                        "A" : 1
                      },
                      "rightBorderColor" : {
                        "c_" : "NSColor",
                        "R" : 0.7137255072593689,
                        "G" : 0.7137255072593689,
                        "B" : 0.7137255072593689,
                        "A" : 1
                      },
                      "bottomBorderColor" : {
                        "c_" : "NSColor",
                        "R" : 0.7137255072593689,
                        "G" : 0.7137255072593689,
                        "B" : 0.7137255072593689,
                        "A" : 1
                      },
                      "topBorderWidth" : 2,
                      "leftBorderWidth" : 2,
                      "rightBorderWidth" : 2,
                      "bottomBorderWidth" : 2,
                      "topLeftBorderRadius" : 5,
                      "topRightBorderRadius" : 5,
                      "bottomLeftborderRadius" : 5,
                      "bottomRightBorderRadius" : 5,
                      "fontName" : "Nanum Gothic",
                      "fontSize" : 14,
                      "fontColor" : {
                        "c_" : "NSColor",
                        "R" : 0.285714328289032,
                        "G" : 0.285714328289032,
                        "B" : 0.285714328289032,
                        "A" : 1
                      },
                      "fontWeight" : 2,
                      "fontAlign" : 0
                    }
                  ],
                  "keys" : [
                    960
                  ]
                }
              },
              {
                "c_" : "IUCell",
                "htmlID" : "cell-73",
                "themeClass" : "applyChildName",
                "pgInnerCode" : "{{ childName }}",
                "positionStorages" : {
                  "c_" : "JDMutableArrayDict",
                  "array" : [
                    {
                      "c_" : "IUPositionStorage",
                      "position" : 0,
                      "xUnit" : 0,
                      "yUnit" : 0,
                      "top" : 230,
                      "left" : 340
                    }
                  ],
                  "keys" : [
                    960
                  ]
                },
                "styleStorages" : {
                  "c_" : "JDMutableArrayDict",
                  "array" : [
                    {
                      "c_" : "IUStyleStorage",
                      "widthUnit" : 0,
                      "heightUnit" : 0,
                      "width" : 200,
                      "height" : 30,
                      "bgColor1" : {
                        "c_" : "NSColor",
                        "R" : 1,
                        "G" : 1,
                        "B" : 1,
                        "A" : 0.5
                      },
                      "topBorderColor" : {
                        "c_" : "NSColor",
                        "R" : 0.7137255072593689,
                        "G" : 0.7137255072593689,
                        "B" : 0.7137255072593689,
                        "A" : 1
                      },
                      "leftBorderColor" : {
                        "c_" : "NSColor",
                        "R" : 0.7137255072593689,
                        "G" : 0.7137255072593689,
                        "B" : 0.7137255072593689,
                        "A" : 1
                      },
                      "rightBorderColor" : {
                        "c_" : "NSColor",
                        "R" : 0.7137255072593689,
                        "G" : 0.7137255072593689,
                        "B" : 0.7137255072593689,
                        "A" : 1
                      },
                      "bottomBorderColor" : {
                        "c_" : "NSColor",
                        "R" : 0.7137255072593689,
                        "G" : 0.7137255072593689,
                        "B" : 0.7137255072593689,
                        "A" : 1
                      },
                      "topBorderWidth" : 2,
                      "leftBorderWidth" : 2,
                      "rightBorderWidth" : 2,
                      "bottomBorderWidth" : 2,
                      "topLeftBorderRadius" : 5,
                      "topRightBorderRadius" : 5,
                      "bottomLeftborderRadius" : 5,
                      "bottomRightBorderRadius" : 5,
                      "fontName" : "Nanum Gothic",
                      "fontSize" : 14,
                      "fontColor" : {
                        "c_" : "NSColor",
                        "R" : 0.285714328289032,
                        "G" : 0.285714328289032,
                        "B" : 0.285714328289032,
                        "A" : 1
                      },
                      "fontWeight" : 2,
                      "fontAlign" : 0
                    }
                  ],
                  "keys" : [
                    960
                  ]
                }
              },
              {
                "c_" : "IUCell",
                "htmlID" : "cell-74",
                "pgInnerCode" : "{{ member.memberName }}",
                "positionStorages" : {
                  "c_" : "JDMutableArrayDict",
                  "array" : [
                    {
                      "c_" : "IUPositionStorage",
                      "position" : 0,
                      "xUnit" : 0,
                      "yUnit" : 0,
                      "top" : 280,
                      "left" : 340
                    }
                  ],
                  "keys" : [
                    960
                  ]
                },
                "styleStorages" : {
                  "c_" : "JDMutableArrayDict",
                  "array" : [
                    {
                      "c_" : "IUStyleStorage",
                      "widthUnit" : 0,
                      "heightUnit" : 0,
                      "width" : 200,
                      "height" : 30,
                      "bgColor1" : {
                        "c_" : "NSColor",
                        "R" : 1,
                        "G" : 1,
                        "B" : 1,
                        "A" : 0.5
                      },
                      "topBorderColor" : {
                        "c_" : "NSColor",
                        "R" : 0.7137255072593689,
                        "G" : 0.7137255072593689,
                        "B" : 0.7137255072593689,
                        "A" : 1
                      },
                      "leftBorderColor" : {
                        "c_" : "NSColor",
                        "R" : 0.7137255072593689,
                        "G" : 0.7137255072593689,
                        "B" : 0.7137255072593689,
                        "A" : 1
                      },
                      "rightBorderColor" : {
                        "c_" : "NSColor",
                        "R" : 0.7137255072593689,
                        "G" : 0.7137255072593689,
                        "B" : 0.7137255072593689,
                        "A" : 1
                      },
                      "bottomBorderColor" : {
                        "c_" : "NSColor",
                        "R" : 0.7137255072593689,
                        "G" : 0.7137255072593689,
                        "B" : 0.7137255072593689,
                        "A" : 1
                      },
                      "topBorderWidth" : 2,
                      "leftBorderWidth" : 2,
                      "rightBorderWidth" : 2,
                      "bottomBorderWidth" : 2,
                      "topLeftBorderRadius" : 5,
                      "topRightBorderRadius" : 5,
                      "bottomLeftborderRadius" : 5,
                      "bottomRightBorderRadius" : 5,
                      "fontName" : "Nanum Gothic",
                      "fontSize" : 14,
                      "fontColor" : {
                        "c_" : "NSColor",
                        "R" : 0.285714328289032,
                        "G" : 0.285714328289032,
                        "B" : 0.285714328289032,
                        "A" : 1
                      },
                      "fontWeight" : 2,
                      "fontAlign" : 0
                    }
                  ],
                  "keys" : [
                    960
                  ]
                }
              },
              {
                "c_" : "IUCell",
                "htmlID" : "cell-75",
                "pgInnerCode" : "{{ member.email }}",
                "positionStorages" : {
                  "c_" : "JDMutableArrayDict",
                  "array" : [
                    {
                      "c_" : "IUPositionStorage",
                      "position" : 0,
                      "xUnit" : 0,
                      "yUnit" : 0,
                      "top" : 326,
                      "left" : 340
                    }
                  ],
                  "keys" : [
                    960
                  ]
                },
                "styleStorages" : {
                  "c_" : "JDMutableArrayDict",
                  "array" : [
                    {
                      "c_" : "IUStyleStorage",
                      "widthUnit" : 0,
                      "heightUnit" : 0,
                      "width" : 200,
                      "height" : 30,
                      "bgColor1" : {
                        "c_" : "NSColor",
                        "R" : 1,
                        "G" : 1,
                        "B" : 1,
                        "A" : 0.5
                      },
                      "topBorderColor" : {
                        "c_" : "NSColor",
                        "R" : 0.7137255072593689,
                        "G" : 0.7137255072593689,
                        "B" : 0.7137255072593689,
                        "A" : 1
                      },
                      "leftBorderColor" : {
                        "c_" : "NSColor",
                        "R" : 0.7137255072593689,
                        "G" : 0.7137255072593689,
                        "B" : 0.7137255072593689,
                        "A" : 1
                      },
                      "rightBorderColor" : {
                        "c_" : "NSColor",
                        "R" : 0.7137255072593689,
                        "G" : 0.7137255072593689,
                        "B" : 0.7137255072593689,
                        "A" : 1
                      },
                      "bottomBorderColor" : {
                        "c_" : "NSColor",
                        "R" : 0.7137255072593689,
                        "G" : 0.7137255072593689,
                        "B" : 0.7137255072593689,
                        "A" : 1
                      },
                      "topBorderWidth" : 2,
                      "leftBorderWidth" : 2,
                      "rightBorderWidth" : 2,
                      "bottomBorderWidth" : 2,
                      "topLeftBorderRadius" : 5,
                      "topRightBorderRadius" : 5,
                      "bottomLeftborderRadius" : 5,
                      "bottomRightBorderRadius" : 5,
                      "fontName" : "Nanum Gothic",
                      "fontSize" : 14,
                      "fontColor" : {
                        "c_" : "NSColor",
                        "R" : 0.285714328289032,
                        "G" : 0.285714328289032,
                        "B" : 0.285714328289032,
                        "A" : 1
                      },
                      "fontWeight" : 2,
                      "fontAlign" : 0
                    }
                  ],
                  "keys" : [
                    960
                  ]
                }
              },
              {
                "c_" : "IUText",
                "htmlID" : "text-76",
                "positionStorages" : {
                  "c_" : "JDMutableArrayDict",
                  "array" : [
                    {
                      "c_" : "IUPositionStorage",
                      "position" : 0,
                      "horizontalCenter" : false,
                      "xUnit" : 0,
                      "yUnit" : 0,
                      "top" : 370,
                      "left" : 210
                    }
                  ],
                  "keys" : [
                    960
                  ]
                },
                "styleStorages" : {
                  "c_" : "JDMutableArrayDict",
                  "array" : [
                    {
                      "c_" : "IUStyleStorage",
                      "widthUnit" : 0,
                      "heightUnit" : 0,
                      "width" : 540,
                      "fontName" : "Nanum Gothic",
                      "fontSize" : 14,
                      "fontColor" : {
                        "c_" : "NSColor",
                        "R" : 0.5714285969734192,
                        "G" : 0.5714285969734192,
                        "B" : 0.5714285969734192,
                        "A" : 1
                      }
                    }
                  ],
                  "keys" : [
                    960
                  ]
                },
                "propertyStorages" : {
                  "c_" : "JDMutableArrayDict",
                  "array" : [
                    {
                      "c_" : "IUPropertyStorage",
                      "propertyStorage" : {
                        "IUPropertyTextKey" : "<p>* 로그인에 필요한 정보입니다. 정확하게 입력 되었는지 확인해 주세요.<\/p>"
                      }
                    }
                  ],
                  "keys" : [
                    960
                  ]
                }
              }
            ],
            "positionStorages" : {
              "c_" : "JDMutableArrayDict",
              "array" : [
                {
                  "c_" : "IUPositionStorage",
                  "position" : 1,
                  "horizontalCenter" : true,
                  "xUnit" : 0,
                  "yUnit" : 0,
                  "top" : 0,
                  "left" : 0
                }
              ],
              "keys" : [
                960
              ]
            },
            "styleStorages" : {
              "c_" : "JDMutableArrayDict",
              "array" : [
                {
                  "c_" : "IUStyleStorage",
                  "widthUnit" : 0,
                  "heightUnit" : 0,
                  "bgColor1" : {
                    "c_" : "NSColor",
                    "R" : 0.8588235378265381,
                    "G" : 0.8588235378265381,
                    "B" : 0.8588235378265381,
                    "A" : 1
                  }
                }
              ],
              "keys" : [
                960
              ]
            }
          }
        ],
        "positionStorages" : {
          "c_" : "JDMutableArrayDict",
          "array" : [
            {
              "c_" : "IUPositionStorage",
              "position" : 1,
              "xUnit" : 0,
              "yUnit" : 0,
              "top" : 0,
              "left" : 0
            }
          ],
          "keys" : [
            960
          ]
        },
        "styleStorages" : {
          "c_" : "JDMutableArrayDict",
          "array" : [
            {
              "c_" : "IUStyleStorage",
              "widthUnit" : 0,
              "heightUnit" : 0,
              "height" : 450
            }
          ],
          "keys" : [
            960
          ]
        }
      },
      {
        "c_" : "IUSection",
        "htmlID" : "section-73",
        "name" : "Next",
        "children" : [
          {
            "c_" : "IUCenterBox",
            "htmlID" : "center-box-74",
            "children" : [
              {
                "c_" : "IUCell",
                "htmlID" : "cell-85",
                "clickType" : 1,
                "themeClass" : "btn_prev",
                "positionStorages" : {
                  "c_" : "JDMutableArrayDict",
                  "array" : [
                    {
                      "c_" : "IUPositionStorage",
                      "position" : 0,
                      "horizontalCenter" : false,
                      "xUnit" : 0,
                      "yUnit" : 0,
                      "top" : 50,
                      "left" : 300
                    }
                  ],
                  "keys" : [
                    960
                  ]
                },
                "styleStorages" : {
                  "c_" : "JDMutableArrayDict",
                  "array" : [
                    {
                      "c_" : "IUStyleStorage",
                      "widthUnit" : 0,
                      "heightUnit" : 0,
                      "width" : 160,
                      "height" : 42,
                      "bgColor1" : {
                        "c_" : "NSColor",
                        "R" : 0.7142857313156128,
                        "G" : 0.7142857313156128,
                        "B" : 0.7142857313156128,
                        "A" : 1
                      },
                      "topLeftBorderRadius" : 4,
                      "topRightBorderRadius" : 4,
                      "bottomLeftborderRadius" : 4,
                      "bottomRightBorderRadius" : 4,
                      "fontName" : "Nanum Gothic",
                      "fontSize" : 18,
                      "fontColor" : {
                        "c_" : "NSColor",
                        "R" : 1,
                        "G" : 1,
                        "B" : 1,
                        "A" : 1
                      },
                      "fontWeight" : 2,
                      "fontAlign" : 1
                    }
                  ],
                  "keys" : [
                    960
                  ]
                },
                "propertyStorages" : {
                  "c_" : "JDMutableArrayDict",
                  "array" : [
                    {
                      "c_" : "IUPropertyStorage",
                      "propertyStorage" : {
                        "IUPropertyTextKey" : "<p>이전 단계로<\/p>"
                      }
                    }
                  ],
                  "keys" : [
                    960
                  ]
                }
              },
              {
                "c_" : "IUCell",
                "htmlID" : "cell-90",
                "themeClass" : "btn_pay_ok",
                "positionStorages" : {
                  "c_" : "JDMutableArrayDict",
                  "array" : [
                    {
                      "c_" : "IUPositionStorage",
                      "position" : 0,
                      "horizontalCenter" : false,
                      "xUnit" : 0,
                      "yUnit" : 0,
                      "top" : 50,
                      "left" : 500
                    }
                  ],
                  "keys" : [
                    960
                  ]
                },
                "styleStorages" : {
                  "c_" : "JDMutableArrayDict",
                  "array" : [
                    {
                      "c_" : "IUStyleStorage",
                      "widthUnit" : 0,
                      "heightUnit" : 0,
                      "width" : 160,
                      "height" : 42,
                      "bgColor1" : {
                        "c_" : "NSColor",
                        "R" : 0.9529411765,
                        "G" : 0.6509803922,
                        "B" : 0.7058823529,
                        "A" : 1
                      },
                      "topLeftBorderRadius" : 4,
                      "topRightBorderRadius" : 4,
                      "bottomLeftborderRadius" : 4,
                      "bottomRightBorderRadius" : 4,
                      "fontName" : "Nanum Gothic",
                      "fontSize" : 18,
                      "fontColor" : {
                        "c_" : "NSColor",
                        "R" : 1,
                        "G" : 1,
                        "B" : 1,
                        "A" : 1
                      },
                      "fontWeight" : 2,
                      "fontAlign" : 1
                    }
                  ],
                  "keys" : [
                    960
                  ]
                },
                "propertyStorages" : {
                  "c_" : "JDMutableArrayDict",
                  "array" : [
                    {
                      "c_" : "IUPropertyStorage",
                      "propertyStorage" : {
                        "IUPropertyTextKey" : "<p>결제하기<\/p>"
                      }
                    }
                  ],
                  "keys" : [
                    960
                  ]
                }
              }
            ],
            "positionStorages" : {
              "c_" : "JDMutableArrayDict",
              "array" : [
                {
                  "c_" : "IUPositionStorage",
                  "position" : 1,
                  "horizontalCenter" : true,
                  "xUnit" : 0,
                  "yUnit" : 0,
                  "top" : 0,
                  "left" : 0
                }
              ],
              "keys" : [
                960
              ]
            },
            "styleStorages" : {
              "c_" : "JDMutableArrayDict",
              "array" : [
                {
                  "c_" : "IUStyleStorage",
                  "widthUnit" : 0,
                  "heightUnit" : 0,
                  "bgColor1" : {
                    "c_" : "NSColor",
                    "R" : 1,
                    "G" : 1,
                    "B" : 1,
                    "A" : 1
                  }
                }
              ],
              "keys" : [
                960
              ]
            }
          }
        ],
        "positionStorages" : {
          "c_" : "JDMutableArrayDict",
          "array" : [
            {
              "c_" : "IUPositionStorage",
              "position" : 1,
              "xUnit" : 0,
              "yUnit" : 0,
              "top" : 0,
              "left" : 0
            }
          ],
          "keys" : [
            960
          ]
        },
        "styleStorages" : {
          "c_" : "JDMutableArrayDict",
          "array" : [
            {
              "c_" : "IUStyleStorage",
              "widthUnit" : 0,
              "heightUnit" : 0,
              "height" : 192
            }
          ],
          "keys" : [
            960
          ]
        }
      }
    ],
    "positionStorages" : {
      "c_" : "JDMutableArrayDict",
      "array" : [
        {
          "c_" : "IUPositionStorage",
          "position" : 1,
          "xUnit" : 0,
          "yUnit" : 0,
          "top" : 0,
          "left" : 0
        }
      ],
      "keys" : [
        960
      ]
    },
    "styleStorages" : {
      "c_" : "JDMutableArrayDict",
      "array" : [
        {
          "c_" : "IUStyleStorage",
          "widthUnit" : 0,
          "heightUnit" : 0,
          "bgColor1" : {
            "c_" : "NSColor",
            "R" : 0.9686274528503418,
            "G" : 0.9686274528503418,
            "B" : 0.9686274528503418,
            "A" : 1
          }
        }
      ],
      "keys" : [
        960
      ]
    }
  },
  "header" : {
    "c_" : "IUHeader",
    "htmlID" : "header",
    "positionStorages" : {
      "c_" : "JDMutableArrayDict",
      "array" : [
        {
          "c_" : "IUPositionStorage",
          "position" : 1,
          "xUnit" : 0,
          "yUnit" : 0,
          "top" : 0,
          "left" : 0
        }
      ],
      "keys" : [
        960
      ]
    },
    "styleStorages" : {
      "c_" : "JDMutableArrayDict",
      "array" : [
        {
          "c_" : "IUStyleStorage",
          "widthUnit" : 1,
          "heightUnit" : 0,
          "width" : 100,
          "height" : 228,
          "minWidth" : 960,
          "bgColor1" : {
            "c_" : "NSColor",
            "R" : 0.9686274509803922,
            "G" : 0.9686274509803922,
            "B" : 0.9686274509803922,
            "A" : 1
          },
          "bgColorLocation" : 100,
          "fontColor" : {
            "c_" : "NSColor",
            "R" : 0.2000000029802322,
            "G" : 0.2000000029802322,
            "B" : 0.2000000029802322,
            "A" : 1
          }
        }
      ],
      "keys" : [
        960
      ]
    }
  },
  "footer" : {
    "c_" : "IUFooter",
    "htmlID" : "footer",
    "positionStorages" : {
      "c_" : "JDMutableArrayDict",
      "array" : [
        {
          "c_" : "IUPositionStorage",
          "position" : 1,
          "xUnit" : 0,
          "yUnit" : 0,
          "top" : 0,
          "left" : 0
        }
      ],
      "keys" : [
        960
      ]
    },
    "styleStorages" : {
      "c_" : "JDMutableArrayDict",
      "array" : [
        {
          "c_" : "IUStyleStorage",
          "widthUnit" : 1,
          "heightUnit" : 0,
          "width" : 100,
          "height" : 274,
          "bgColor1" : {
            "c_" : "NSColor",
            "R" : 0.9686274509803922,
            "G" : 0.9686274509803922,
            "B" : 0.9686274509803922,
            "A" : 1
          }
        }
      ],
      "keys" : [
        960
      ]
    }
  },
  "sidebar" : {
    "c_" : "IUSidebar",
    "htmlID" : "sidebar",
    "positionStorages" : {
      "c_" : "JDMutableArrayDict",
      "array" : [
        {
          "c_" : "IUPositionStorage",
          "position" : 1,
          "secondPosition" : 1,
          "xUnit" : 0,
          "yUnit" : 0,
          "top" : 0,
          "left" : 0
        }
      ],
      "keys" : [
        960
      ]
    },
    "styleStorages" : {
      "c_" : "JDMutableArrayDict",
      "array" : [
        {
          "c_" : "IUStyleStorage",
          "widthUnit" : 1,
          "heightUnit" : 0,
          "width" : 100,
          "height" : 500
        }
      ],
      "keys" : [
        960
      ]
    }
  },
  "popupGroup" : {
    "c_" : "IUGroup",
    "htmlID" : "",
    "name" : "Popup Group",
    "positionStorages" : {
      "c_" : "JDMutableArrayDict",
      "array" : [
        {
          "c_" : "IUPositionStorage",
          "position" : 0,
          "xUnit" : 0,
          "yUnit" : 0,
          "top" : 0,
          "left" : 0
        }
      ],
      "keys" : [
        960
      ]
    },
    "styleStorages" : {
      "c_" : "JDMutableArrayDict",
      "array" : [
        {
          "c_" : "IUStyleStorage",
          "widthUnit" : 0,
          "heightUnit" : 0,
          "width" : 0,
          "height" : 0
        }
      ],
      "keys" : [
        960
      ]
    },
    "_groupType" : 2
  },
  "panelGroup" : {
    "c_" : "IUGroup",
    "htmlID" : "",
    "name" : "Panel Group",
    "positionStorages" : {
      "c_" : "JDMutableArrayDict",
      "array" : [
        {
          "c_" : "IUPositionStorage",
          "position" : 0,
          "xUnit" : 0,
          "yUnit" : 0,
          "top" : 0,
          "left" : 0
        }
      ],
      "keys" : [
        960
      ]
    },
    "styleStorages" : {
      "c_" : "JDMutableArrayDict",
      "array" : [
        {
          "c_" : "IUStyleStorage",
          "widthUnit" : 0,
          "heightUnit" : 0,
          "width" : 0,
          "height" : 0
        }
      ],
      "keys" : [
        960
      ]
    },
    "_groupType" : 1
  },
  "layout" : 1,
  "customCodeAtTopHead" : "<script src=\"https:\/\/ajax.googleapis.com\/ajax\/libs\/jquery\/1.12.0\/jquery.min.js\"><\/script>\n<script type=\"text\/javascript\" src=\"https:\/\/service.iamport.kr\/js\/iamport.payment-1.1.1.js\"><\/script>",
  "jsFileRelativePaths" : [
    "\/index.js"
  ],
  "m_" : "2214A92F-6CE0-4B83-B297-D471635D4885",
  "c_" : "IUPage"
}